-- phpMyAdmin SQL Dump
-- version 4.7.7
-- https://www.phpmyadmin.net/
--
-- Хост: localhost:3306
-- Час створення: Сер 01 2018 р., 18:21
-- Версія сервера: 5.6.39
-- Версія PHP: 5.6.30

SET SQL_MODE = "NO_AUTO_VALUE_ON_ZERO";
SET AUTOCOMMIT = 0;
START TRANSACTION;
SET time_zone = "+00:00";


/*!40101 SET @OLD_CHARACTER_SET_CLIENT=@@CHARACTER_SET_CLIENT */;
/*!40101 SET @OLD_CHARACTER_SET_RESULTS=@@CHARACTER_SET_RESULTS */;
/*!40101 SET @OLD_COLLATION_CONNECTION=@@COLLATION_CONNECTION */;
/*!40101 SET NAMES utf8mb4 */;

--
-- База даних: `emlysvap_muskul`
--

-- --------------------------------------------------------

--
-- Структура таблиці `admin`
--

CREATE TABLE `admin` (
  `id` int(11) NOT NULL,
  `hash` varchar(255) CHARACTER SET latin1 NOT NULL
) ENGINE=MyISAM DEFAULT CHARSET=utf8;

--
-- Дамп даних таблиці `admin`
--

INSERT INTO `admin` (`id`, `hash`) VALUES
(1, 'cc5599ca06976d02245f591ffa909b7a');

-- --------------------------------------------------------

--
-- Структура таблиці `event`
--

CREATE TABLE `event` (
  `id` int(11) NOT NULL,
  `timedate` date NOT NULL,
  `eventlist` int(11) NOT NULL,
  `kind` varchar(255) NOT NULL,
  `label` varchar(255) NOT NULL
) ENGINE=MyISAM DEFAULT CHARSET=utf8;

--
-- Дамп даних таблиці `event`
--

INSERT INTO `event` (`id`, `timedate`, `eventlist`, `kind`, `label`) VALUES
(63, '2018-05-02', 5, 'наступний контроль2', 'cp5'),
(40, '2018-01-10', 5, 'cp2', 'cp2'),
(59, '2018-03-31', 5, 'cp3', 'cp3'),
(42, '2018-01-01', 5, 'cp1', 'cp1'),
(79, '2018-05-02', 12, 'кр1', 'кр2'),
(62, '2018-05-23', 5, 'undefined', 'кр2'),
(45, '2018-04-01', 11, 'кp 1', 'кp 1'),
(46, '2018-04-02', 11, 'кp 2', 'кp 2'),
(47, '2018-04-02', 11, 'контроль 3', 'кp 3'),
(48, '2018-04-30', 11, 'контроль 4', 'кp 4'),
(49, '2018-05-01', 11, 'контроль 4', 'кp 5'),
(50, '2018-01-10', 12, 'МКР1', 'МКР1'),
(51, '2018-01-03', 12, 'МКР2', 'МКР2'),
(52, '2018-01-27', 12, 'МКР3', 'МКР3'),
(53, '2018-01-27', 12, 'МКР3', 'МКР3'),
(54, '2018-03-01', 13, 'МКР1', 'ср1'),
(55, '2018-03-01', 14, 'ср1', 'ср1'),
(56, '2018-03-01', 15, 'ср1', 'СР1'),
(57, '2018-04-01', 5, 'cp4', 'cp4'),
(67, '2018-04-13', 16, '1', 'Тест'),
(78, '2018-05-01', 12, 'кр1', 'кр1'),
(64, '2018-05-05', 5, 'контроль3', 'кр1'),
(77, '2018-05-31', 5, 'кр1', 'кр4'),
(68, '2018-05-24', 5, 'trtrt', 'кр3'),
(69, '2018-05-25', 16, 'тест2', 'тест2'),
(70, '2018-05-17', 32, 'тест1', 'тест1'),
(71, '2018-05-08', 11, 'кp 1', 'кp 6'),
(72, '2018-03-01', 11, 'cp1', 'cp1'),
(73, '2018-03-02', 11, 'cp2', 'cp2'),
(74, '2018-03-03', 11, 'cp3', 'cp3'),
(75, '2018-03-05', 11, 'cp4', 'cp4'),
(76, '2018-03-07', 11, 'cp5', 'cp5'),
(80, '2018-05-03', 12, 'кр1', 'кр3'),
(81, '2018-05-04', 12, 'кр1', 'кр4'),
(82, '2018-05-04', 12, 'кр1', 'кр5'),
(83, '2018-05-28', 12, 'дкр1', 'дкр1'),
(84, '2018-05-29', 12, 'дкр2', 'дкр2'),
(85, '2018-05-01', 14, 'дкр2', 'дкр2'),
(86, '2018-05-02', 14, 'дкр2', 'дкр2'),
(87, '2018-05-09', 14, 'дкр2', 'дкр2'),
(88, '2018-05-10', 14, 'дкр2', 'дкр2'),
(89, '2018-05-09', 14, 'дкр2', 'дкр2'),
(90, '2018-05-10', 14, 'дкр2', 'дкр2'),
(91, '2018-05-31', 14, 'лек', 'лек'),
(92, '2018-01-01', 14, 'лаб1', 'лаб1'),
(93, '2018-02-07', 14, 'лаб2', 'лаб2'),
(94, '2018-03-08', 14, 'лаб2', 'лаб3'),
(95, '2018-04-04', 14, 'лаб2', 'лаб4'),
(96, '2018-05-17', 14, 'лаб2', 'лаб5'),
(97, '2018-06-07', 14, 'скр', 'скр'),
(98, '2018-05-31', 15, 'скр', 'скр'),
(99, '2018-04-01', 15, 'кр1', 'кр1'),
(100, '2018-04-03', 15, 'кр1', 'кр2'),
(101, '2018-04-11', 15, 'кр1', 'кр3'),
(102, '2018-04-11', 15, 'кр1', 'кр3'),
(103, '2018-05-09', 16, 'кр1', 'кр1');

-- --------------------------------------------------------

--
-- Структура таблиці `eventlist`
--

CREATE TABLE `eventlist` (
  `id` int(11) NOT NULL,
  `grid` int(11) NOT NULL,
  `teacher` int(11) NOT NULL,
  `subject` int(11) NOT NULL,
  `visibility` tinyint(1) NOT NULL,
  `semestr` int(11) NOT NULL,
  `year` year(4) NOT NULL
) ENGINE=MyISAM DEFAULT CHARSET=utf8;

--
-- Дамп даних таблиці `eventlist`
--

INSERT INTO `eventlist` (`id`, `grid`, `teacher`, `subject`, `visibility`, `semestr`, `year`) VALUES
(5, 4, 1, 1, 1, 2, 2017),
(11, 3, 1, 1, 1, 1, 2018),
(12, 2, 1, 1, 1, 1, 2018),
(13, 4, 1, 2, 0, 1, 2018),
(14, 4, 1, 2, 1, 2, 2016),
(15, 1, 2, 1, 1, 1, 2015),
(16, 1, 12, 1, 1, 2, 2014),
(32, 1, 1, 1, 0, 1, 2018),
(35, 1, 1, 1, 0, 1, 0000),
(34, 6, 1, 1, 0, 1, 2016);

-- --------------------------------------------------------

--
-- Структура таблиці `groups`
--

CREATE TABLE `groups` (
  `id` int(11) NOT NULL,
  `name` varchar(255) NOT NULL,
  `last` int(11) NOT NULL,
  `first` int(11) NOT NULL
) ENGINE=MyISAM DEFAULT CHARSET=utf8;

--
-- Дамп даних таблиці `groups`
--

INSERT INTO `groups` (`id`, `name`, `last`, `first`) VALUES
(1, '545иi', 2019, 2014),
(2, '550ст', 2012, 2009),
(3, '555а', 2013, 2008),
(4, '519а', 2018, 2013),
(5, 'ssd', 2018, 2013),
(6, '545а', 2019, 2014),
(7, 'Uhegf', 2015, 2010);

-- --------------------------------------------------------

--
-- Структура таблиці `mark`
--

CREATE TABLE `mark` (
  `id` int(11) NOT NULL,
  `event` int(11) NOT NULL,
  `student` int(11) NOT NULL,
  `value` int(11) NOT NULL
) ENGINE=MyISAM DEFAULT CHARSET=utf8;

--
-- Дамп даних таблиці `mark`
--

INSERT INTO `mark` (`id`, `event`, `student`, `value`) VALUES
(247, 59, 26, 5),
(197, 41, 7, 1),
(196, 40, 7, 1),
(195, 58, 4, 1),
(206, 43, 7, 3),
(205, 43, 1, 4),
(246, 57, 26, 5),
(203, 41, 1, 5),
(245, 40, 26, 5),
(244, 42, 26, 5),
(243, 59, 7, 2),
(207, 43, 9, 5),
(117, 44, 1, 5),
(118, 44, 4, 5),
(309, 45, 25, 6),
(120, 46, 21, 8),
(121, 47, 21, 8),
(133, 51, 16, 3),
(134, 50, 16, 3),
(124, 48, 21, 8),
(308, 45, 24, 6),
(126, 46, 24, 5),
(127, 47, 24, 5),
(128, 48, 24, 5),
(307, 45, 21, 6),
(130, 46, 25, 4),
(131, 47, 25, 4),
(132, 48, 25, 4),
(135, 52, 16, 4),
(136, 51, 17, 4),
(137, 50, 17, 3),
(138, 52, 17, 4),
(139, 51, 18, 4),
(140, 50, 18, 4),
(141, 52, 18, 5),
(142, 51, 19, 5),
(143, 50, 19, 5),
(144, 52, 19, 3),
(145, 51, 20, 4),
(146, 50, 20, 4),
(147, 52, 20, 3),
(148, 53, 16, 3),
(149, 53, 17, 4),
(150, 53, 18, 4),
(151, 53, 19, 4),
(152, 53, 20, 4),
(153, 54, 1, 5),
(154, 54, 4, 5),
(155, 54, 7, 5),
(156, 54, 9, 5),
(157, 55, 1, 4),
(158, 55, 4, 4),
(159, 55, 7, 4),
(160, 55, 9, 4),
(161, 42, 7, 1),
(162, 56, 6, 4),
(163, 56, 10, 5),
(164, 56, 11, 4),
(165, 56, 12, 4),
(166, 56, 13, 5),
(167, 56, 14, 5),
(168, 56, 15, 3),
(169, 56, 22, 3),
(170, 56, 23, 4),
(171, 44, 7, 4),
(172, 44, 9, 4),
(242, 59, 9, 2),
(174, 42, 9, 4),
(175, 42, 4, 1),
(176, 42, 1, 5),
(193, 41, 4, 5),
(192, 40, 4, 3),
(191, 43, 4, 5),
(202, 40, 1, 5),
(241, 57, 9, 1),
(200, 41, 9, 3),
(199, 40, 9, 3),
(240, 59, 4, 1),
(239, 59, 1, 4),
(238, 57, 7, 4),
(237, 57, 4, 2),
(236, 57, 1, 3),
(248, 62, 1, 4),
(249, 63, 1, 4),
(273, 67, 6, 3),
(251, 62, 4, 5),
(252, 63, 4, 5),
(272, 64, 26, 5),
(271, 64, 9, 4),
(255, 62, 7, 3),
(256, 63, 7, 4),
(270, 64, 7, 4),
(258, 62, 9, 5),
(259, 63, 9, 6),
(269, 64, 4, 4),
(261, 62, 26, 6),
(262, 63, 26, 6),
(268, 64, 1, 4),
(277, 67, 13, 3),
(276, 67, 12, 2),
(275, 67, 11, 5),
(274, 67, 10, 4),
(278, 67, 14, 4),
(279, 67, 15, 5),
(280, 67, 22, 2),
(281, 67, 23, 4),
(282, 68, 1, 5),
(283, 69, 6, 4),
(284, 69, 10, 5),
(285, 69, 11, 4),
(286, 69, 12, 5),
(287, 69, 13, 4),
(288, 69, 14, 4),
(289, 69, 15, 4),
(290, 69, 22, 4),
(291, 69, 23, 4),
(292, 70, 6, 4),
(293, 70, 10, 4),
(294, 70, 11, 5),
(295, 70, 12, 5),
(296, 70, 13, 5),
(297, 70, 14, 4),
(298, 70, 15, 4),
(299, 70, 22, 4),
(300, 70, 23, 4),
(301, 49, 21, 8),
(302, 49, 24, 8),
(303, 71, 21, 8),
(304, 71, 24, 8),
(305, 49, 25, 8),
(306, 71, 25, 8),
(310, 72, 21, 5),
(311, 73, 21, 5),
(312, 74, 21, 6),
(313, 75, 21, 4),
(314, 76, 21, 4),
(315, 72, 24, 4),
(316, 73, 24, 4),
(317, 74, 24, 6),
(318, 75, 24, 5),
(319, 76, 24, 5),
(320, 72, 25, 6),
(321, 73, 25, 6),
(322, 74, 25, 4),
(323, 75, 25, 4),
(324, 76, 25, 4),
(325, 68, 4, 5),
(326, 68, 7, 5),
(327, 68, 9, 5),
(328, 68, 26, 5),
(329, 77, 1, 6),
(330, 77, 4, 5),
(331, 77, 7, 5),
(332, 77, 9, 5),
(333, 77, 26, 5),
(334, 78, 16, 4),
(335, 80, 16, 4),
(336, 81, 16, 4),
(337, 81, 17, 4),
(338, 81, 18, 4),
(339, 80, 18, 4),
(340, 80, 17, 5),
(341, 80, 19, 5),
(342, 81, 19, 5),
(343, 80, 20, 5),
(344, 81, 20, 5),
(345, 78, 20, 5),
(346, 78, 19, 5),
(347, 78, 18, 5),
(348, 78, 17, 5),
(349, 79, 16, 5),
(350, 79, 17, 4),
(351, 79, 18, 4),
(352, 79, 19, 5),
(353, 79, 20, 5),
(354, 82, 16, 4),
(355, 82, 17, 5),
(356, 82, 18, 5),
(357, 82, 19, 5),
(358, 82, 20, 5),
(359, 83, 16, 7),
(360, 84, 16, 7),
(361, 83, 17, 6),
(362, 84, 17, 7),
(363, 83, 18, 7),
(364, 84, 18, 7),
(365, 83, 19, 6),
(366, 84, 19, 7),
(367, 84, 20, 7),
(368, 83, 20, 8),
(369, 85, 1, 4),
(370, 86, 1, 4),
(371, 87, 1, 5),
(372, 89, 1, 5),
(373, 88, 1, 5),
(374, 90, 1, 4),
(375, 85, 4, 5),
(376, 86, 4, 5),
(377, 87, 4, 5),
(378, 89, 4, 5),
(379, 88, 4, 5),
(380, 90, 4, 5),
(381, 85, 7, 4),
(382, 86, 7, 4),
(383, 87, 7, 4),
(384, 89, 7, 4),
(385, 88, 7, 4),
(386, 90, 7, 3),
(387, 85, 9, 3),
(388, 86, 9, 3),
(389, 87, 9, 3),
(390, 89, 9, 3),
(391, 88, 9, 3),
(392, 90, 9, 3),
(393, 55, 26, 5),
(394, 85, 26, 5),
(395, 86, 26, 5),
(396, 87, 26, 5),
(397, 89, 26, 5),
(398, 88, 26, 5),
(399, 90, 26, 5),
(439, 93, 4, 5),
(438, 92, 4, 5),
(437, 94, 1, 4),
(436, 93, 1, 4),
(435, 92, 1, 4),
(434, 91, 26, 9),
(433, 91, 9, 9),
(432, 91, 7, 9),
(431, 91, 4, 9),
(430, 91, 1, 9),
(440, 94, 4, 5),
(441, 92, 7, 5),
(442, 93, 7, 5),
(443, 94, 7, 5),
(444, 92, 9, 5),
(445, 93, 9, 5),
(446, 94, 9, 5),
(447, 92, 26, 5),
(448, 93, 26, 5),
(449, 94, 26, 5),
(450, 95, 1, 6),
(451, 95, 4, 6),
(452, 95, 7, 6),
(453, 95, 9, 5),
(454, 95, 26, 5),
(455, 96, 1, 7),
(456, 96, 4, 7),
(457, 96, 7, 7),
(458, 96, 9, 6),
(459, 96, 26, 7),
(460, 97, 1, 9),
(461, 97, 4, 9),
(462, 97, 7, 9),
(463, 97, 9, 9),
(464, 97, 26, 9),
(524, 98, 23, 7),
(523, 102, 23, 7),
(522, 102, 22, 7),
(521, 101, 23, 7),
(520, 101, 22, 7),
(519, 101, 15, 7),
(518, 101, 14, 7),
(517, 101, 13, 7),
(516, 101, 12, 7),
(503, 99, 23, 7),
(502, 99, 22, 7),
(509, 100, 12, 7),
(515, 101, 11, 7),
(514, 101, 10, 7),
(513, 101, 6, 7),
(512, 100, 6, 7),
(508, 100, 13, 7),
(507, 100, 14, 7),
(506, 100, 15, 7),
(501, 99, 15, 7),
(500, 99, 14, 6),
(499, 99, 13, 6),
(498, 99, 12, 6),
(505, 100, 22, 7),
(511, 100, 10, 7),
(510, 100, 11, 7),
(504, 100, 23, 7),
(497, 99, 11, 6),
(496, 99, 10, 5),
(495, 99, 6, 5),
(525, 98, 22, 7),
(526, 98, 15, 7),
(527, 102, 15, 7),
(528, 102, 14, 7),
(529, 98, 14, 7),
(530, 98, 13, 7),
(531, 102, 13, 7),
(532, 102, 12, 7),
(533, 98, 12, 7),
(534, 98, 11, 7),
(535, 102, 11, 7),
(536, 102, 10, 7),
(537, 98, 10, 7),
(538, 98, 6, 7),
(539, 102, 6, 7),
(540, 103, 6, 4),
(541, 103, 10, 8),
(542, 103, 11, 8),
(543, 103, 12, 8),
(544, 103, 13, 8),
(545, 103, 14, 8),
(546, 103, 15, 8),
(547, 103, 22, 8),
(548, 103, 23, 8);

-- --------------------------------------------------------

--
-- Структура таблиці `settings`
--

CREATE TABLE `settings` (
  `id` int(11) NOT NULL,
  `title` varchar(255) NOT NULL,
  `value` varchar(255) NOT NULL
) ENGINE=MyISAM DEFAULT CHARSET=utf8;

--
-- Дамп даних таблиці `settings`
--

INSERT INTO `settings` (`id`, `title`, `value`) VALUES
(1, 'pages', '2'),
(2, 'lang', 'ru');

-- --------------------------------------------------------

--
-- Структура таблиці `students`
--

CREATE TABLE `students` (
  `id` int(11) NOT NULL,
  `grid` int(11) NOT NULL,
  `label` varchar(255) NOT NULL,
  `code` varchar(255) NOT NULL
) ENGINE=MyISAM DEFAULT CHARSET=utf8;

--
-- Дамп даних таблиці `students`
--

INSERT INTO `students` (`id`, `grid`, `label`, `code`) VALUES
(1, 4, 'Плавін Т.В', 'ІА2428'),
(4, 4, 'Городенко О. В.', 'ІА2405'),
(7, 4, 'БІлецький Г.Г.', 'ІА2403'),
(6, 1, 'БІлецький М.Г.', 'ІА2402'),
(9, 4, 'Петренко О.В.', 'ІА2429'),
(10, 1, 'Андрій Астахов', 'ІА2101'),
(11, 1, 'Варченко Володимир', 'ІА2102'),
(12, 1, 'Валуєв Валентин', 'ІА2103'),
(13, 1, 'Зуєв Роман', 'ІА2104'),
(14, 1, 'Денисенко Анатолій', 'ІА2106'),
(15, 1, 'Данилов Данило', 'ІА2105'),
(16, 2, 'Ахматов Антон', 'ІА2201'),
(17, 2, 'Багнетов Олег', 'ІА2202'),
(18, 2, 'Демиденко Ігор', 'ІА2203'),
(19, 2, 'Зайченко Оксана', 'ІА2204'),
(20, 2, 'Клименко Світлана', 'ІА2205'),
(21, 3, 'Власенко Сергій', 'ІА2301'),
(22, 1, 'Встаханов Ігор', 'ІА2302'),
(23, 1, 'Гайдай Георгій', 'ІА2303'),
(24, 3, 'Дякова Анна', 'ІА2304'),
(25, 3, 'Гошенко Антон', 'ІА2305'),
(26, 4, 'Палівода Андрій', 'ІА2420');

-- --------------------------------------------------------

--
-- Структура таблиці `subject`
--

CREATE TABLE `subject` (
  `id` int(11) NOT NULL,
  `name` varchar(255) NOT NULL,
  `type` int(11) NOT NULL
) ENGINE=MyISAM DEFAULT CHARSET=utf8;

--
-- Дамп даних таблиці `subject`
--

INSERT INTO `subject` (`id`, `name`, `type`) VALUES
(1, 'Высшая математика', 0),
(2, 'Дискретна математика', 0),
(3, 'Архитектура Компьютеров', 0),
(5, 'WEB', 0),
(6, 'Системное программирование', 0),
(8, 'Організація баз даних', 1),
(9, 'Мікроконтролери', 1),
(10, 'Схемотехніка', 1);

-- --------------------------------------------------------

--
-- Структура таблиці `subjecttypes`
--

CREATE TABLE `subjecttypes` (
  `id` int(11) NOT NULL,
  `translation` int(11) NOT NULL
) ENGINE=InnoDB DEFAULT CHARSET=latin1;

--
-- Дамп даних таблиці `subjecttypes`
--

INSERT INTO `subjecttypes` (`id`, `translation`) VALUES
(1, 103),
(2, 104),
(3, 105),
(4, 106);

-- --------------------------------------------------------

--
-- Структура таблиці `translations`
--

CREATE TABLE `translations` (
  `id` int(11) NOT NULL,
  `ua` varchar(255) CHARACTER SET utf8 NOT NULL,
  `ru` varchar(255) CHARACTER SET utf8 NOT NULL,
  `en` varchar(255) CHARACTER SET utf8 NOT NULL
) ENGINE=InnoDB DEFAULT CHARSET=latin1;

--
-- Дамп даних таблиці `translations`
--

INSERT INTO `translations` (`id`, `ua`, `ru`, `en`) VALUES
(1, 'Журнал', 'Журнал', 'Journal'),
(2, 'Головна', 'Главная', 'Home'),
(3, 'Назад', 'Назад', 'Back'),
(4, 'Перегляд<br> рейтингу', 'Просмотр<br> рейтинга', 'Viev <br>Rating'),
(5, 'Порівняння успішності', 'Срвнение успеваимости', 'Rating Comprassion'),
(6, 'Перегляд <br>студентів', 'Просмотр<br> Студентов', 'Students <br> view'),
(7, 'Перегляд<br>викладачів', 'Просмотр<br>преподавателей', 'Teachers<br>View'),
(8, 'Про<br>Систему', 'О<br>Системе', 'About the<br>System'),
(9, 'Дивитись <br>Контакти', 'Смотреть<br>Контакти', 'View<br>Contacts'),
(10, 'Оберіть групу або предмет', 'Выберите группу или предмет', 'Choose group or subject'),
(11, '- Обрати групу -', '- Выбрать групу -', '- Select a group -'),
(12, 'Всі групи', 'Все группи', 'All groups'),
(13, '- Обрати дисципліну -', '- Выбрать дисциплину -', '- Select a discipline -'),
(14, 'Всі дисципліни', 'все дисциплины', 'All disciplines'),
(15, 'Дисципліна', 'Дисциплина', 'Subject'),
(16, 'Викладач', 'Преподаватель', 'Teacher'),
(17, 'Група', 'Группа', 'Group'),
(18, 'Журнал - головна сторінка', 'Журнал - главная страница', 'Journal - main page'),
(19, 'Вхід - PHP.MySQL Журнал', 'Вход - PHP.MySQL Журнал', 'Login - PHP.MySQL Journal'),
(20, 'Помилка при авторизації', 'Ошибка при авторизации', 'Login Error '),
(21, 'Логін', 'Логин', 'Login'),
(22, 'Пароль', 'Пароль', 'Password'),
(23, 'Уівйти', 'Войти', 'Login'),
(24, 'Студент', 'Студент', 'Student'),
(25, 'Перегляд групи - Журнал', 'Просмотр групи - Журнал', 'Group view - Journal'),
(26, ' Порівняння - Журнал', 'Сравнение - Журнал', 'Compare - Journal'),
(27, 'Фільтр', 'Фильтр', 'Filter'),
(28, 'Студенти - Журнал', 'Студенти - Журнал', 'Students - Journal'),
(29, 'Перелік студентів', 'Список студентов', 'Students list'),
(30, 'Код', 'Код', 'Code'),
(31, 'Середній бал', 'Средний бал', 'Average rating'),
(32, 'Викладачі - Журнал', 'Преподаватели - Журнал', 'Teachers - Journal'),
(33, 'Зареєстровано', 'Зарегистрирован', 'Registered'),
(34, 'Перелік викладачі', 'Список преподавателей', 'Teachers list'),
(35, 'Про систему', 'О системе', 'About the system'),
(36, 'Система електронного журналювання дозволяє вести електронний журнал викладачам', 'Система электронного журнала позволяет вести электронный журнал преподавателям', 'The electronic journaling system allows you to conduct an electronic journal for teachers'),
(37, 'Контакти - Журнал', 'Контактє - Журнал', 'Contacts - Journal'),
(38, 'Переклади - Адмінпанель', 'Перевод - Админпанель', 'Transtates - Dashboard'),
(39, 'Перегляд', 'Просмотр', 'View'),
(40, 'Логін', 'Логин', 'Login'),
(41, 'Пошук по табліці', 'Поиск по таблице', 'Search in table'),
(42, 'адмінпанель', 'админпанель', 'adminpanel'),
(43, 'Скасувати', 'Отменить', 'Cancel'),
(44, 'Оновити', 'Обновить', 'Update'),
(45, 'Переклад оновлено', 'Перевод обновлен', 'Translation updated'),
(46, 'Редагувати переклад', 'Редактировать перевод', 'Edit translation'),
(47, 'Викладачі - Адмінпанель', 'Преподаватели - Админпанель', 'Teachers - Adminpanel'),
(48, 'Вітаємо вас', 'Добро пожаловать', 'Hola '),
(49, 'Інструкції', 'Инструкции', 'Instructions'),
(50, 'Студенти', 'Студентьі', 'Students'),
(51, 'Викладачі', 'Препод.', 'Teachers'),
(52, 'Статистика', 'Статистика', 'Statistics'),
(53, 'Пароль', 'Пароль', ' Password'),
(54, 'Викладача оновлено!', 'Преподавателя обновлено!', 'Teacher updated!'),
(55, 'Додати  викладача', 'Добавить преподавателя', 'Add teacher'),
(56, 'Викладача додано!', 'Преподавателя добавлено!', 'Teacher added!'),
(57, 'Помилка', 'Ошибка', 'Error'),
(58, 'Ім\'я', 'Имя', 'Name'),
(59, 'Додати', 'Добавить', 'Add'),
(60, 'Додати  студента', 'Добавить студента', 'Add student'),
(61, 'Студента додано!', 'Студента добавлено!', 'Student added!'),
(62, 'Немає результатів', 'Нет результатов', 'No results'),
(63, 'шифр', 'шифр', 'code'),
(64, 'Студенти - Адмінпанель', 'Студентиі - Админпанель', 'Students - Adminpanel'),
(65, 'Видалити студента - Адмінпанель', 'Удалить студента - Админпанель', 'Remove student - Adminpanel'),
(66, 'Студент з ', 'Студент c ', 'Student with '),
(67, 'видалений. Також видалені його оцінки.', 'удален. Также все его оценки удалено.', 'removed. Also removed all his(here) marks.'),
(68, 'Видалити', 'Удалить', 'Delete'),
(69, 'Додати журнал', 'Добавить журнал', 'Add journal'),
(70, 'Додано', 'Добавлено', 'Added'),
(71, 'Видалити журнал - адмінпанель', 'Удалить Журнал', 'Remove Journal'),
(72, 'видалено', 'удалено', 'removed'),
(73, 'Змінити журнал - PHP MySQL', 'Изменить журнал - PHP MySQL', 'Edit Journal Phpmysql'),
(74, 'Перегляд журналу', 'Просмотр Журнала', 'Journal view'),
(75, 'редагувати', 'редактировать', 'edit'),
(76, 'стерти дані', 'стереть', 'erase'),
(77, 'видимість', 'видимость', 'visibility'),
(78, 'видимий', 'видим', 'visible'),
(79, 'не видимий', 'невидим', 'invisible'),
(80, 'Перелік журналів', 'Перечень журналов', 'Journal list'),
(81, 'Примітка', 'Примечание', 'Note'),
(82, 'Назва', 'Название', 'Name'),
(83, 'Дата', 'Дата', 'Date'),
(84, 'Редагувати критерій оцінювання', 'Редактировать критерий оценивания\r\n', 'Edit task'),
(85, 'Редагування груп', 'Редактирование групп', 'Group editing'),
(86, 'Редагування дисциплін', 'Редактирование дисциплин', 'Subject editing'),
(87, 'Видалити викладача - Адмінпанель', 'Удалить преподавателя - Админпанель', 'Delete User - Adminpanel'),
(88, 'Видалити предмет - Адмінпанель', 'Удалить предмет - Админпанель', 'Remove subject - Adminpanel'),
(89, 'Додати групу', 'Добавить группу', 'Add group'),
(90, 'Лист з даними відновлення відправлено на пошту ', 'Лист з даними відновлення відправлено на пошту ', 'Лист з даними відновлення відправлено на пошту '),
(91, 'Повторіть спробу входу, скориставшись надісланими інструкціями.', 'Повторіть спробу входу, скориставшись надісланими інструкціями.', 'Повторіть спробу входу, скориставшись надісланими інструкціями.'),
(92, 'Лист з даними відновлення не відправлено на пошту', 'Лист з даними відновлення не відправлено на пошту', 'Лист з даними відновлення не відправлено на пошту'),
(93, 'оскільки пошта не працююча .', 'оскільки пошта не працююча .', 'оскільки пошта не працююча .'),
(94, 'Адреси', 'Адреса', 'Адреси'),
(95, 'немає в переліку адрес кориcтувачів системи.', 'немає в переліку адрес кориcтувачів системи.', 'немає в переліку адрес кориcтувачів системи.'),
(96, 'Забули пароль', 'Забули пароль', 'Забули пароль'),
(97, 'Відновити пароль', 'Востановить пароль', 'Restore password'),
(98, 'Підтвердити', 'Подтвердить', 'Apply'),
(99, 'Контактний  email:mail@email#gmail.com', 'Контактний  email:mail@email#gmail.com', 'Contact  email:mail@email#gmail.com'),
(100, 'журналів:', 'журналов:', 'journals:'),
(101, 'оцінювань:', 'оцениваний:', 'ratings:'),
(102, 'оцінок:', 'оценок:', 'marks:'),
(103, 'Точні науки', 'точные науки', 'Sciences'),
(104, 'Гуманітарні науки', 'гуманитарные науки', 'Humanities'),
(105, 'Природничі науки', 'естественные науки', 'natural Sciences'),
(106, 'інше', 'другое', 'another'),
(107, 'Заповнено не всі поля!', 'Заполнено не все поля!', 'There is an empty field!'),
(108, 'Додати предмет', 'Добавить предмет', 'Add  subject'),
(109, 'всі', 'все', 'all'),
(110, 'Рік', 'Год', 'Year'),
(111, 'Предмет', 'дисциплина', 'subject'),
(112, 'семестр', 'семестр', 'semestr'),
(113, 'рейтинг', 'рейтинг', 'rating'),
(114, 'Курс', 'Курс', 'Course'),
(115, 'Випуск', 'Віпуск', 'Graduate');

-- --------------------------------------------------------

--
-- Структура таблиці `users`
--

CREATE TABLE `users` (
  `id` int(11) NOT NULL,
  `login` varchar(255) NOT NULL,
  `password` varchar(255) NOT NULL,
  `full_name` varchar(255) NOT NULL,
  `email` varchar(255) NOT NULL,
  `registered` date NOT NULL
) ENGINE=MyISAM DEFAULT CHARSET=utf8;

--
-- Дамп даних таблиці `users`
--

INSERT INTO `users` (`id`, `login`, `password`, `full_name`, `email`, `registered`) VALUES
(1, 'polk', 'polk', 'Попов Ігор Олегович', 'iii22@hh.vv', '2018-03-02'),
(2, 'polk2', 'polk', 'Василько Ігор Федорович', 'iii@hh.vv', '2018-03-02'),
(3, 'tel18', '345rr', 'Теленик Сергій Федорович', 'ss3530mx@gmail.com', '2018-03-15'),
(4, 'tel186', '12345', 'Дорогий Сергій', 'lddte@gg.cc', '2018-03-15'),
(5, 'tel1866', '345rr', 'Сергій Федорович', 'teddd4@gg.cc', '2018-03-15'),
(6, 'a sdg', '345rr', 'Теленик Сергій', 'tegt5@gg.cc', '2018-03-15'),
(7, 'логін', 'пароль', 'Варламов Ігор', 'email7@email.com', '2018-03-11'),
(8, 'petross', 'petross', 'Петро Петро', 'petross3530mx@gmail.com', '2018-03-11'),
(9, 'tedgghmk', 'FDGRETGFCDX', 'Армор Антон', 'eer@ff.cc', '2018-03-11'),
(12, 'pevnev', '12345', 'Влаdимир Яковливич', 'pevnev.ioooo@ukr.net', '2018-04-04');

--
-- Індекси збережених таблиць
--

--
-- Індекси таблиці `admin`
--
ALTER TABLE `admin`
  ADD PRIMARY KEY (`id`);

--
-- Індекси таблиці `event`
--
ALTER TABLE `event`
  ADD PRIMARY KEY (`id`);

--
-- Індекси таблиці `eventlist`
--
ALTER TABLE `eventlist`
  ADD PRIMARY KEY (`id`);

--
-- Індекси таблиці `groups`
--
ALTER TABLE `groups`
  ADD PRIMARY KEY (`id`);

--
-- Індекси таблиці `mark`
--
ALTER TABLE `mark`
  ADD PRIMARY KEY (`id`);

--
-- Індекси таблиці `settings`
--
ALTER TABLE `settings`
  ADD PRIMARY KEY (`id`);

--
-- Індекси таблиці `students`
--
ALTER TABLE `students`
  ADD UNIQUE KEY `id` (`id`);

--
-- Індекси таблиці `subject`
--
ALTER TABLE `subject`
  ADD PRIMARY KEY (`id`);

--
-- Індекси таблиці `subjecttypes`
--
ALTER TABLE `subjecttypes`
  ADD PRIMARY KEY (`id`);

--
-- Індекси таблиці `translations`
--
ALTER TABLE `translations`
  ADD PRIMARY KEY (`id`);

--
-- Індекси таблиці `users`
--
ALTER TABLE `users`
  ADD PRIMARY KEY (`id`);

--
-- AUTO_INCREMENT для збережених таблиць
--

--
-- AUTO_INCREMENT для таблиці `admin`
--
ALTER TABLE `admin`
  MODIFY `id` int(11) NOT NULL AUTO_INCREMENT, AUTO_INCREMENT=2;

--
-- AUTO_INCREMENT для таблиці `event`
--
ALTER TABLE `event`
  MODIFY `id` int(11) NOT NULL AUTO_INCREMENT, AUTO_INCREMENT=104;

--
-- AUTO_INCREMENT для таблиці `eventlist`
--
ALTER TABLE `eventlist`
  MODIFY `id` int(11) NOT NULL AUTO_INCREMENT, AUTO_INCREMENT=36;

--
-- AUTO_INCREMENT для таблиці `groups`
--
ALTER TABLE `groups`
  MODIFY `id` int(11) NOT NULL AUTO_INCREMENT, AUTO_INCREMENT=8;

--
-- AUTO_INCREMENT для таблиці `mark`
--
ALTER TABLE `mark`
  MODIFY `id` int(11) NOT NULL AUTO_INCREMENT, AUTO_INCREMENT=549;

--
-- AUTO_INCREMENT для таблиці `settings`
--
ALTER TABLE `settings`
  MODIFY `id` int(11) NOT NULL AUTO_INCREMENT, AUTO_INCREMENT=3;

--
-- AUTO_INCREMENT для таблиці `students`
--
ALTER TABLE `students`
  MODIFY `id` int(11) NOT NULL AUTO_INCREMENT, AUTO_INCREMENT=27;

--
-- AUTO_INCREMENT для таблиці `subject`
--
ALTER TABLE `subject`
  MODIFY `id` int(11) NOT NULL AUTO_INCREMENT, AUTO_INCREMENT=11;

--
-- AUTO_INCREMENT для таблиці `subjecttypes`
--
ALTER TABLE `subjecttypes`
  MODIFY `id` int(11) NOT NULL AUTO_INCREMENT, AUTO_INCREMENT=5;

--
-- AUTO_INCREMENT для таблиці `translations`
--
ALTER TABLE `translations`
  MODIFY `id` int(11) NOT NULL AUTO_INCREMENT, AUTO_INCREMENT=116;

--
-- AUTO_INCREMENT для таблиці `users`
--
ALTER TABLE `users`
  MODIFY `id` int(11) NOT NULL AUTO_INCREMENT, AUTO_INCREMENT=13;
COMMIT;

/*!40101 SET CHARACTER_SET_CLIENT=@OLD_CHARACTER_SET_CLIENT */;
/*!40101 SET CHARACTER_SET_RESULTS=@OLD_CHARACTER_SET_RESULTS */;
/*!40101 SET COLLATION_CONNECTION=@OLD_COLLATION_CONNECTION */;
